"setName","flowerOfLife","imgFlowerOfLife","plumeOfDeath","imgPlumeOfDeath","sandsOfEon","imgSandsOfEon","gobletOfEonothem","imgGobletOfEonothem","circletOfLogos","imgCircletOfLogos","x2Bonus","x4Bonus"
"Initiate","Initiate's Flower","https://static.wikia.nocookie.net/gensin-impact/images/2/27/Item_Initiate%27s_Flower.png/revision/latest/scale-to-width-down/60?cb=20210514215057","Initiate's Feather","https://static.wikia.nocookie.net/gensin-impact/images/a/a0/Item_Initiate%27s_Feather.png/revision/latest/scale-to-width-down/60?cb=20210514215058","NULL","NULL","NULL","NULL","NULL","NULL","NULL","NULL"
"Adventurer","Adventurer's Flower","https://static.wikia.nocookie.net/gensin-impact/images/e/ec/Item_Adventurer%27s_Flower.png/revision/latest/scale-to-width-down/60?cb=20201120051635","Adventurer's Tail Feather","https://static.wikia.nocookie.net/gensin-impact/images/3/30/Item_Adventurer%27s_Tail_Feather.png/revision/latest/scale-to-width-down/60?cb=20201120051654","Adventurer's Pocket Watch","https://static.wikia.nocookie.net/gensin-impact/images/f/f6/Item_Adventurer%27s_Pocket_Watch.png/revision/latest/scale-to-width-down/60?cb=20201120051708","Adventurer's Golden Goblet","https://static.wikia.nocookie.net/gensin-impact/images/a/ae/Item_Adventurer%27s_Golden_Goblet.png/revision/latest/scale-to-width-down/60?cb=20201120051727","Adventurer's Bandana","https://static.wikia.nocookie.net/gensin-impact/images/4/43/Item_Adventurer%27s_Bandana.png/revision/latest/scale-to-width-down/60?cb=20201120051739","2-Piece Bonus
Max HP increased by 1,000.","4-Piece Bonus
Opening a chest regenerates 30% Max HP over 5s."
"Lucky Dog","Lucky Dog's Clover","https://static.wikia.nocookie.net/gensin-impact/images/e/e0/Item_Lucky_Dog%27s_Clover.png/revision/latest/scale-to-width-down/60?cb=20201120052434","Lucky Dog's Eagle Feather","https://static.wikia.nocookie.net/gensin-impact/images/a/ac/Item_Lucky_Dog%27s_Eagle_Feather.png/revision/latest/scale-to-width-down/60?cb=20201120052445","Lucky Dog's Hourglass","https://static.wikia.nocookie.net/gensin-impact/images/5/50/Item_Lucky_Dog%27s_Hourglass.png/revision/latest/scale-to-width-down/60?cb=20201120052500","Lucky Dog's Goblet","https://static.wikia.nocookie.net/gensin-impact/images/c/c1/Item_Lucky_Dog%27s_Goblet.png/revision/latest/scale-to-width-down/60?cb=20201120052515","Lucky Dog's Silver Circlet","https://static.wikia.nocookie.net/gensin-impact/images/6/6a/Item_Lucky_Dog%27s_Silver_Circlet.png/revision/latest/scale-to-width-down/60?cb=20201120052544","2-Piece Bonus
DEF increased by 100.","4-Piece Bonus
Picking up Mora restores 300 HP."
"Traveling Doctor","Traveling Doctor's Silver Lotus","https://static.wikia.nocookie.net/gensin-impact/images/a/a5/Item_Traveling_Doctor%27s_Silver_Lotus.png/revision/latest/scale-to-width-down/60?cb=20201120052230","Traveling Doctor's Owl Feather","https://static.wikia.nocookie.net/gensin-impact/images/0/01/Item_Traveling_Doctor%27s_Owl_Feather.png/revision/latest/scale-to-width-down/60?cb=20201120052246","Traveling Doctor's Pocket Watch","https://static.wikia.nocookie.net/gensin-impact/images/b/b7/Item_Traveling_Doctor%27s_Pocket_Watch.png/revision/latest/scale-to-width-down/60?cb=20201120052258","Traveling Doctor's Medicine Pot","https://static.wikia.nocookie.net/gensin-impact/images/2/25/Item_Traveling_Doctor%27s_Medicine_Pot.png/revision/latest/scale-to-width-down/60?cb=20201120052322","Traveling Doctor's Handkerchief","https://static.wikia.nocookie.net/gensin-impact/images/1/18/Item_Traveling_Doctor%27s_Handkerchief.png/revision/latest/scale-to-width-down/60?cb=20201120052333","2-Piece Bonus
Increases incoming healing by 20%.","4-Piece Bonus
Using Elemental Burst restores 20% HP."
"Desert Pavilion Chronicle","The First Days of the City of Kings","https://static.wikia.nocookie.net/gensin-impact/images/0/01/Item_The_First_Days_of_the_City_of_Kings.png/revision/latest/scale-to-width-down/60?cb=20221207030405","End of the Golden Realm","https://static.wikia.nocookie.net/gensin-impact/images/4/49/Item_End_of_the_Golden_Realm.png/revision/latest/scale-to-width-down/60?cb=20221207030358","Timepiece of the Lost Path","https://static.wikia.nocookie.net/gensin-impact/images/4/45/Item_Timepiece_of_the_Lost_Path.png/revision/latest/scale-to-width-down/60?cb=20221207030410","Defender of the Enchanting Dream","https://static.wikia.nocookie.net/gensin-impact/images/5/57/Item_Defender_of_the_Enchanting_Dream.png/revision/latest/scale-to-width-down/60?cb=20221207030356","Legacy of the Desert High-Born","https://static.wikia.nocookie.net/gensin-impact/images/0/0c/Item_Legacy_of_the_Desert_High-Born.png/revision/latest/scale-to-width-down/60?cb=20221207030400","2-Piece Bonus
Anemo DMG Bonus +15%.","4-Piece Bonus
When Charged Attacks hit opponents, the equipping character's Normal Attack SPD will increase by 10% while Normal, Charged, and Plunging Attack DMG will increase by 40% for 15s."
"Flower of Paradise Lost","Ay-Khanoum's Myriad","https://static.wikia.nocookie.net/gensin-impact/images/8/8f/Item_Ay-Khanoum%27s_Myriad.png/revision/latest/scale-to-width-down/60?cb=20221207030350","Wilting Feast","https://static.wikia.nocookie.net/gensin-impact/images/f/f1/Item_Wilting_Feast.png/revision/latest/scale-to-width-down/60?cb=20221207030412","A Moment Congealed","https://static.wikia.nocookie.net/gensin-impact/images/3/33/Item_A_Moment_Congealed.png/revision/latest/scale-to-width-down/60?cb=20221207030346","Secret-Keeper's Magic Bottle","https://static.wikia.nocookie.net/gensin-impact/images/6/6f/Item_Secret-Keeper%27s_Magic_Bottle.png/revision/latest/scale-to-width-down/60?cb=20221207030402","Amethyst Crown","https://static.wikia.nocookie.net/gensin-impact/images/0/09/Item_Amethyst_Crown.png/revision/latest/scale-to-width-down/60?cb=20221207030348","2-Piece Bonus
Increases Elemental Mastery by 80.","4-Piece Bonus
The equipping character's Bloom, Hyperbloom, and Burgeon reaction DMG are increased by 40%. Additionally, after the equipping character triggers Bloom, Hyperbloom, or Burgeon, they will gain another 25% bonus to the effect mentioned prior. Each stack of this lasts 10s. Max 4 stacks simultaneously. This effect can only be triggered once per second. The character who equips this can still trigger its effects when not on the field."
"Resolution of Sojourner","Heart of Comradeship","https://static.wikia.nocookie.net/gensin-impact/images/f/fc/Item_Heart_of_Comradeship.png/revision/latest/scale-to-width-down/60?cb=20201120055604","Feather of Homecoming","https://static.wikia.nocookie.net/gensin-impact/images/f/f0/Item_Feather_of_Homecoming.png/revision/latest/scale-to-width-down/60?cb=20201120055615","Sundial of the Sojourner","https://static.wikia.nocookie.net/gensin-impact/images/9/93/Item_Sundial_of_the_Sojourner.png/revision/latest/scale-to-width-down/60?cb=20201120055626","Goblet of the Sojourner","https://static.wikia.nocookie.net/gensin-impact/images/0/06/Item_Goblet_of_the_Sojourner.png/revision/latest/scale-to-width-down/60?cb=20201120055633","Crown of Parting","https://static.wikia.nocookie.net/gensin-impact/images/2/25/Item_Crown_of_Parting.png/revision/latest/scale-to-width-down/60?cb=20201120055642","2-Piece Bonus
ATK +18%","4-Piece Bonus
Increases Charged Attack CRIT Rate by 30%."
"Tiny Miracle","Tiny Miracle's Flower","https://static.wikia.nocookie.net/gensin-impact/images/6/68/Item_Tiny_Miracle%27s_Flower.png/revision/latest/scale-to-width-down/60?cb=20201120060259","Tiny Miracle's Feather","https://static.wikia.nocookie.net/gensin-impact/images/8/89/Item_Tiny_Miracle%27s_Feather.png/revision/latest/scale-to-width-down/60?cb=20201120060340","Tiny Miracle's Hourglass","https://static.wikia.nocookie.net/gensin-impact/images/1/14/Item_Tiny_Miracle%27s_Hourglass.png/revision/latest/scale-to-width-down/60?cb=20201120060350","Tiny Miracle's Goblet","https://static.wikia.nocookie.net/gensin-impact/images/5/52/Item_Tiny_Miracle%27s_Goblet.png/revision/latest/scale-to-width-down/60?cb=20201120060419","Tiny Miracle's Earrings","https://static.wikia.nocookie.net/gensin-impact/images/7/73/Item_Tiny_Miracle%27s_Earrings.png/revision/latest/scale-to-width-down/60?cb=20201120060428","2-Piece Bonus
All Elemental RES increased by 20%.","4-Piece Bonus
Incoming Elemental DMG increases corresponding Elemental RES by 30% for 10s. Can only occur once every 10s."
"Berserker","Berserker's Rose","https://static.wikia.nocookie.net/gensin-impact/images/c/c1/Item_Berserker%27s_Rose.png/revision/latest/scale-to-width-down/60?cb=20220202000733","Berserker's Indigo Feather","https://static.wikia.nocookie.net/gensin-impact/images/1/10/Item_Berserker%27s_Indigo_Feather.png/revision/latest/scale-to-width-down/60?cb=20201120053942","Berserker's Timepiece","https://static.wikia.nocookie.net/gensin-impact/images/5/5c/Item_Berserker%27s_Timepiece.png/revision/latest/scale-to-width-down/60?cb=20201120053952","Berserker's Bone Goblet","https://static.wikia.nocookie.net/gensin-impact/images/d/da/Item_Berserker%27s_Bone_Goblet.png/revision/latest/scale-to-width-down/60?cb=20201120054003","Berserker's Battle Mask","https://static.wikia.nocookie.net/gensin-impact/images/5/5e/Item_Berserker%27s_Battle_Mask.png/revision/latest/scale-to-width-down/60?cb=20220202000855","2-Piece Bonus
CRIT Rate +12%","4-Piece Bonus
When HP is below 70%, CRIT Rate increases by an additional 24%."
"Instructor","Instructor's Brooch","https://static.wikia.nocookie.net/gensin-impact/images/3/35/Item_Instructor%27s_Brooch.png/revision/latest/scale-to-width-down/60?cb=20201120053706","Instructor's Feather Accessory","https://static.wikia.nocookie.net/gensin-impact/images/a/af/Item_Instructor%27s_Feather_Accessory.png/revision/latest/scale-to-width-down/60?cb=20201120053734","Instructor's Pocket Watch","https://static.wikia.nocookie.net/gensin-impact/images/4/41/Item_Instructor%27s_Pocket_Watch.png/revision/latest/scale-to-width-down/60?cb=20201120053803","Instructor's Tea Cup","https://static.wikia.nocookie.net/gensin-impact/images/a/ad/Item_Instructor%27s_Tea_Cup.png/revision/latest/scale-to-width-down/60?cb=20201120053813","Instructor's Cap","https://static.wikia.nocookie.net/gensin-impact/images/d/da/Item_Instructor%27s_Cap.png/revision/latest/scale-to-width-down/60?cb=20201120053824","2-Piece Bonus
Increases Elemental Mastery by 80.","4-Piece Bonus
Upon triggering an Elemental Reaction, increases all party members' Elemental Mastery by 120 for 8s."
"The Exile","Exile's Flower","https://static.wikia.nocookie.net/gensin-impact/images/f/f9/Item_Exile%27s_Flower.png/revision/latest/scale-to-width-down/60?cb=20201120054137","Exile's Feather","https://static.wikia.nocookie.net/gensin-impact/images/4/4d/Item_Exile%27s_Feather.png/revision/latest/scale-to-width-down/60?cb=20201120054148","Exile's Pocket Watch","https://static.wikia.nocookie.net/gensin-impact/images/e/e4/Item_Exile%27s_Pocket_Watch.png/revision/latest/scale-to-width-down/60?cb=20201120054202","Exile's Goblet","https://static.wikia.nocookie.net/gensin-impact/images/6/6a/Item_Exile%27s_Goblet.png/revision/latest/scale-to-width-down/60?cb=20201120054213","Exile's Circlet","https://static.wikia.nocookie.net/gensin-impact/images/b/b3/Item_Exile%27s_Circlet.png/revision/latest/scale-to-width-down/60?cb=20201120054256","2-Piece Bonus
Energy Recharge +20%","4-Piece Bonus
Using an Elemental Burst regenerates 2 Energy for all party members (excluding the wearer) every 2s for 6s. This effect cannot stack."
"Defender's Will","Guardian's Flower","https://static.wikia.nocookie.net/gensin-impact/images/6/63/Item_Guardian%27s_Flower.png/revision/latest/scale-to-width-down/60?cb=20201120055924","Guardian's Sigil","https://static.wikia.nocookie.net/gensin-impact/images/f/ff/Item_Guardian%27s_Sigil.png/revision/latest/scale-to-width-down/60?cb=20201120055937","Guardian's Clock","https://static.wikia.nocookie.net/gensin-impact/images/5/51/Item_Guardian%27s_Clock.png/revision/latest/scale-to-width-down/60?cb=20201120060015","Guardian's Vessel","https://static.wikia.nocookie.net/gensin-impact/images/2/2b/Item_Guardian%27s_Vessel.png/revision/latest/scale-to-width-down/60?cb=20201120060031","Guardian's Band","https://static.wikia.nocookie.net/gensin-impact/images/c/c4/Item_Guardian%27s_Band.png/revision/latest/scale-to-width-down/60?cb=20201120060040","2-Piece Bonus
DEF +30%","4-Piece Bonus
For each different element present in your own party, the wearer's Elemental RES to that corresponding element is increased by 30%."
"Brave Heart","Medal of the Brave","https://static.wikia.nocookie.net/gensin-impact/images/9/9e/Item_Medal_of_the_Brave.png/revision/latest/scale-to-width-down/60?cb=20201120062546","Prospect of the Brave","https://static.wikia.nocookie.net/gensin-impact/images/2/2f/Item_Prospect_of_the_Brave.png/revision/latest/scale-to-width-down/60?cb=20201120062559","Fortitude of the Brave","https://static.wikia.nocookie.net/gensin-impact/images/e/ed/Item_Fortitude_of_the_Brave.png/revision/latest/scale-to-width-down/60?cb=20201120062607","Outset of the Brave","https://static.wikia.nocookie.net/gensin-impact/images/4/49/Item_Outset_of_the_Brave.png/revision/latest/scale-to-width-down/60?cb=20201120062619","Crown of the Brave","https://static.wikia.nocookie.net/gensin-impact/images/b/b3/Item_Crown_of_the_Brave.png/revision/latest/scale-to-width-down/60?cb=20201120062627","2-Piece Bonus
ATK +18%.","4-Piece Bonus
Increases DMG by 30% against opponents with more than 50% HP."
"Martial Artist","Martial Artist's Red Flower","https://static.wikia.nocookie.net/gensin-impact/images/a/a7/Item_Martial_Artist%27s_Red_Flower.png/revision/latest/scale-to-width-down/60?cb=20201120055759","Martial Artist's Feather Accessory","https://static.wikia.nocookie.net/gensin-impact/images/6/6e/Item_Martial_Artist%27s_Feather_Accessory.png/revision/latest/scale-to-width-down/60?cb=20201120055810","Martial Artist's Water Hourglass","https://static.wikia.nocookie.net/gensin-impact/images/0/06/Item_Martial_Artist%27s_Water_Hourglass.png/revision/latest/scale-to-width-down/60?cb=20201120055819","Martial Artist's Wine Cup","https://static.wikia.nocookie.net/gensin-impact/images/8/8d/Item_Martial_Artist%27s_Wine_Cup.png/revision/latest/scale-to-width-down/60?cb=20201120055827","Martial Artist's Bandana","https://static.wikia.nocookie.net/gensin-impact/images/4/4c/Item_Martial_Artist%27s_Bandana.png/revision/latest/scale-to-width-down/60?cb=20201120055837","2-Piece Bonus
Increases Normal Attack and Charged Attack DMG by 15%.","4-Piece Bonus
After using Elemental Skill, increases Normal Attack and Charged Attack DMG by 25% for 8s."
"Gambler","Gambler's Brooch","https://static.wikia.nocookie.net/gensin-impact/images/3/39/Item_Gambler%27s_Brooch.png/revision/latest/scale-to-width-down/60?cb=20201120062914","Gambler's Feather Accessory","https://static.wikia.nocookie.net/gensin-impact/images/b/bf/Item_Gambler%27s_Feather_Accessory.png/revision/latest/scale-to-width-down/60?cb=20201120062922","Gambler's Pocket Watch","https://static.wikia.nocookie.net/gensin-impact/images/f/f7/Item_Gambler%27s_Pocket_Watch.png/revision/latest/scale-to-width-down/60?cb=20201120062934","Gambler's Dice Cup","https://static.wikia.nocookie.net/gensin-impact/images/f/fd/Item_Gambler%27s_Dice_Cup.png/revision/latest/scale-to-width-down/60?cb=20201120062942","Gambler's Earrings","https://static.wikia.nocookie.net/gensin-impact/images/4/43/Item_Gambler%27s_Earrings.png/revision/latest/scale-to-width-down/60?cb=20201120062950","2-Piece Bonus
Increases Elemental Skill DMG by 20%.","4-Piece Bonus
Defeating an opponent has 100% chance to remove Elemental Skill CD. Can only occur once every 15s."
"Scholar","Scholar's Bookmark","https://static.wikia.nocookie.net/gensin-impact/images/e/e5/Item_Scholar%27s_Bookmark.png/revision/latest/scale-to-width-down/60?cb=20201120063103","Scholar's Quill Pen","https://static.wikia.nocookie.net/gensin-impact/images/5/52/Item_Scholar%27s_Quill_Pen.png/revision/latest/scale-to-width-down/60?cb=20201120063115","Scholar's Clock","https://static.wikia.nocookie.net/gensin-impact/images/0/01/Item_Scholar%27s_Clock.png/revision/latest/scale-to-width-down/60?cb=20201120063123","Scholar's Ink Cup","https://static.wikia.nocookie.net/gensin-impact/images/6/66/Item_Scholar%27s_Ink_Cup.png/revision/latest/scale-to-width-down/60?cb=20201120063134","Scholar's Lens","https://static.wikia.nocookie.net/gensin-impact/images/9/93/Item_Scholar%27s_Lens.png/revision/latest/scale-to-width-down/60?cb=20201120063144","2-Piece Bonus
Energy Recharge +20%","4-Piece Bonus
Gaining Elemental Particles or Orbs gives 3 Energy to all party members who have a bow or a catalyst equipped. Can only occur once every 3s."
"Prayers for Wisdom","Tiara of Thunder","https://static.wikia.nocookie.net/gensin-impact/images/f/f6/Item_Tiara_of_Thunder.png/revision/latest/scale-to-width-down/60?cb=20201120054405","NULL","NULL","NULL","NULL","NULL","NULL","NULL","NULL","NULL","NULL"
"Prayers for Destiny","Tiara of Torrents","https://static.wikia.nocookie.net/gensin-impact/images/0/0a/Item_Tiara_of_Torrents.png/revision/latest/scale-to-width-down/60?cb=20201120054713","NULL","NULL","NULL","NULL","NULL","NULL","NULL","NULL","NULL","NULL"
"Prayers for Illumination","Tiara of Flame","https://static.wikia.nocookie.net/gensin-impact/images/1/18/Item_Tiara_of_Flame.png/revision/latest/scale-to-width-down/60?cb=20201120054540","NULL","NULL","NULL","NULL","NULL","NULL","NULL","NULL","NULL","NULL"
"Prayers to Springtime","Tiara of Frost","https://static.wikia.nocookie.net/gensin-impact/images/1/14/Item_Tiara_of_Frost.png/revision/latest/scale-to-width-down/60?cb=20201120054507","NULL","NULL","NULL","NULL","NULL","NULL","NULL","NULL","NULL","NULL"
"Gladiator's Finale","Gladiator's Nostalgia","https://static.wikia.nocookie.net/gensin-impact/images/b/b1/Item_Gladiator%27s_Nostalgia.png/revision/latest/scale-to-width-down/60?cb=20201120063313","Gladiator's Destiny","https://static.wikia.nocookie.net/gensin-impact/images/9/94/Item_Gladiator%27s_Destiny.png/revision/latest/scale-to-width-down/60?cb=20201120063322","Gladiator's Longing","https://static.wikia.nocookie.net/gensin-impact/images/0/0c/Item_Gladiator%27s_Longing.png/revision/latest/scale-to-width-down/60?cb=20201120063332","Gladiator's Intoxication","https://static.wikia.nocookie.net/gensin-impact/images/6/6d/Item_Gladiator%27s_Intoxication.png/revision/latest/scale-to-width-down/60?cb=20201120063342","Gladiator's Triumphus","https://static.wikia.nocookie.net/gensin-impact/images/9/9b/Item_Gladiator%27s_Triumphus.png/revision/latest/scale-to-width-down/60?cb=20201120063353","2-Piece Bonus
ATK +18%.","4-Piece Bonus
If the wielder of this artifact set uses a Sword, Claymore or Polearm, increases their Normal Attack DMG by 35%."
"Wanderer's Troupe","Troupe's Dawnlight","https://static.wikia.nocookie.net/gensin-impact/images/a/ad/Item_Troupe%27s_Dawnlight.png/revision/latest/scale-to-width-down/60?cb=20201120063930","Bard's Arrow Feather","https://static.wikia.nocookie.net/gensin-impact/images/4/4e/Item_Bard%27s_Arrow_Feather.png/revision/latest/scale-to-width-down/60?cb=20201120063940","Concert's Final Hour","https://static.wikia.nocookie.net/gensin-impact/images/9/9e/Item_Concert%27s_Final_Hour.png/revision/latest/scale-to-width-down/60?cb=20201120063951","Wanderer's String-Kettle","https://static.wikia.nocookie.net/gensin-impact/images/0/06/Item_Wanderer%27s_String-Kettle.png/revision/latest/scale-to-width-down/60?cb=20201120064002","Conductor's Top Hat","https://static.wikia.nocookie.net/gensin-impact/images/8/81/Item_Conductor%27s_Top_Hat.png/revision/latest/scale-to-width-down/60?cb=20201120064011","2-Piece Bonus
Increases Elemental Mastery by 80.","4-Piece Bonus
Increases Charged Attack DMG by 35% if the character uses a Catalyst or Bow."
"Noblesse Oblige","Royal Flora","https://static.wikia.nocookie.net/gensin-impact/images/7/71/Item_Royal_Flora.png/revision/latest/scale-to-width-down/60?cb=20201120063610","Royal Plume","https://static.wikia.nocookie.net/gensin-impact/images/e/ee/Item_Royal_Plume.png/revision/latest/scale-to-width-down/60?cb=20201120063619","Royal Pocket Watch","https://static.wikia.nocookie.net/gensin-impact/images/1/1a/Item_Royal_Pocket_Watch.png/revision/latest/scale-to-width-down/60?cb=20201120063628","Royal Silver Urn","https://static.wikia.nocookie.net/gensin-impact/images/9/9c/Item_Royal_Silver_Urn.png/revision/latest/scale-to-width-down/60?cb=20201120063636","Royal Masque","https://static.wikia.nocookie.net/gensin-impact/images/e/eb/Item_Royal_Masque.png/revision/latest/scale-to-width-down/60?cb=20201120063649","2-Piece Bonus
Elemental Burst DMG +20%","4-Piece Bonus
Using an Elemental Burst increases all party members' ATK by 20% for 12s. This effect cannot stack."
"Bloodstained Chivalry","Bloodstained Flower of Iron","https://static.wikia.nocookie.net/gensin-impact/images/5/5b/Item_Bloodstained_Flower_of_Iron.png/revision/latest/scale-to-width-down/60?cb=20201120063726","Bloodstained Black Plume","https://static.wikia.nocookie.net/gensin-impact/images/5/5c/Item_Bloodstained_Black_Plume.png/revision/latest/scale-to-width-down/60?cb=20201120063735","Bloodstained Final Hour","https://static.wikia.nocookie.net/gensin-impact/images/8/8c/Item_Bloodstained_Final_Hour.png/revision/latest/scale-to-width-down/60?cb=20201120063745","Bloodstained Chevalier's Goblet","https://static.wikia.nocookie.net/gensin-impact/images/4/4f/Item_Bloodstained_Chevalier%27s_Goblet.png/revision/latest/scale-to-width-down/60?cb=20201120063755","Bloodstained Iron Mask","https://static.wikia.nocookie.net/gensin-impact/images/0/0c/Item_Bloodstained_Iron_Mask.png/revision/latest/scale-to-width-down/60?cb=20201120063804","2-Piece Bonus
Physical DMG Bonus +25%","4-Piece Bonus
After defeating an opponent, increases Charged Attack DMG by 50%, and reduces its Stamina cost to 0 for 10s. Also triggers with wild animals such as boars, squirrels and frogs."
"Maiden Beloved","Maiden's Distant Love","https://static.wikia.nocookie.net/gensin-impact/images/d/dc/Item_Maiden%27s_Distant_Love.png/revision/latest/scale-to-width-down/60?cb=20201120063428","Maiden's Heart-Stricken Infatuation","https://static.wikia.nocookie.net/gensin-impact/images/7/7b/Item_Maiden%27s_Heart-Stricken_Infatuation.png/revision/latest/scale-to-width-down/60?cb=20201120063437","Maiden's Passing Youth","https://static.wikia.nocookie.net/gensin-impact/images/9/93/Item_Maiden%27s_Passing_Youth.png/revision/latest/scale-to-width-down/60?cb=20201120063446","Maiden's Fleeting Leisure","https://static.wikia.nocookie.net/gensin-impact/images/2/23/Item_Maiden%27s_Fleeting_Leisure.png/revision/latest/scale-to-width-down/60?cb=20201120063454","Maiden's Fading Beauty","https://static.wikia.nocookie.net/gensin-impact/images/8/82/Item_Maiden%27s_Fading_Beauty.png/revision/latest/scale-to-width-down/60?cb=20201120063505","2-Piece Bonus
Character Healing Effectiveness +15%","4-Piece Bonus
Using an Elemental Skill or Burst increases healing received by all party members by 20% for 10s."
"Viridescent Venerer","In Remembrance of Viridescent Fields","https://static.wikia.nocookie.net/gensin-impact/images/9/90/Item_In_Remembrance_of_Viridescent_Fields.png/revision/latest/scale-to-width-down/60?cb=20201120064508","Viridescent Arrow Feather","https://static.wikia.nocookie.net/gensin-impact/images/4/41/Item_Viridescent_Arrow_Feather.png/revision/latest/scale-to-width-down/60?cb=20201120064516","Viridescent Venerer's Determination","https://static.wikia.nocookie.net/gensin-impact/images/8/8f/Item_Viridescent_Venerer%27s_Determination.png/revision/latest/scale-to-width-down/60?cb=20201120064525","Viridescent Venerer's Vessel","https://static.wikia.nocookie.net/gensin-impact/images/f/ff/Item_Viridescent_Venerer%27s_Vessel.png/revision/latest/scale-to-width-down/60?cb=20201120064534","Viridescent Venerer's Diadem","https://static.wikia.nocookie.net/gensin-impact/images/8/8b/Item_Viridescent_Venerer%27s_Diadem.png/revision/latest/scale-to-width-down/60?cb=20201120064550","2-Piece Bonus
Anemo DMG Bonus +15%","4-Piece Bonus
Increases Swirl DMG by 60%. Decreases opponent's Elemental RES to the element infused in the Swirl by 40% for 10s."
"Archaic Petra","Flower of Creviced Cliff","https://static.wikia.nocookie.net/gensin-impact/images/9/9f/Item_Flower_of_Creviced_Cliff.png/revision/latest/scale-to-width-down/60?cb=20201120064841","Feather of Jagged Peaks","https://static.wikia.nocookie.net/gensin-impact/images/a/a5/Item_Feather_of_Jagged_Peaks.png/revision/latest/scale-to-width-down/60?cb=20201120064919","Sundial of Enduring Jade","https://static.wikia.nocookie.net/gensin-impact/images/1/1d/Item_Sundial_of_Enduring_Jade.png/revision/latest/scale-to-width-down/60?cb=20201120064941","Goblet of Chiseled Crag","https://static.wikia.nocookie.net/gensin-impact/images/0/02/Item_Goblet_of_Chiseled_Crag.png/revision/latest/scale-to-width-down/60?cb=20201120064951","Mask of Solitude Basalt","https://static.wikia.nocookie.net/gensin-impact/images/0/09/Item_Mask_of_Solitude_Basalt.png/revision/latest/scale-to-width-down/60?cb=20201120065000","2-Piece Bonus
Geo DMG Bonus +15%","4-Piece Bonus
Upon obtaining an Elemental Shard created through a Crystallize Reaction, all party members gain 35% DMG Bonus for that particular element for 10s. Only one form of Elemental DMG Bonus can be gained in this manner at any one time."
"Retracing Bolide","Summer Night's Bloom","https://static.wikia.nocookie.net/gensin-impact/images/a/a6/Item_Summer_Night%27s_Bloom.png/revision/latest/scale-to-width-down/60?cb=20201120064133","Summer Night's Finale","https://static.wikia.nocookie.net/gensin-impact/images/e/ec/Item_Summer_Night%27s_Finale.png/revision/latest/scale-to-width-down/60?cb=20201120064151","Summer Night's Moment","https://static.wikia.nocookie.net/gensin-impact/images/3/34/Item_Summer_Night%27s_Moment.png/revision/latest/scale-to-width-down/60?cb=20201120064255","Summer Night's Waterballoon","https://static.wikia.nocookie.net/gensin-impact/images/1/10/Item_Summer_Night%27s_Waterballoon.png/revision/latest/scale-to-width-down/60?cb=20201120064320","Summer Night's Mask","https://static.wikia.nocookie.net/gensin-impact/images/8/8a/Item_Summer_Night%27s_Mask.png/revision/latest/scale-to-width-down/60?cb=20201120064405","2-Piece Bonus
Increases Shield Strength by 35%.","4-Piece Bonus
While protected by a shield, gain an additional 40% Normal and Charged Attack DMG."
"Thundersoother","Thundersoother's Heart","https://static.wikia.nocookie.net/gensin-impact/images/e/ef/Item_Thundersoother%27s_Heart.png/revision/latest/scale-to-width-down/60?cb=20201120065517","Thundersoother's Plume","https://static.wikia.nocookie.net/gensin-impact/images/c/cb/Item_Thundersoother%27s_Plume.png/revision/latest/scale-to-width-down/60?cb=20201120065527","Hour of Soothing Thunder","https://static.wikia.nocookie.net/gensin-impact/images/b/b7/Item_Hour_of_Soothing_Thunder.png/revision/latest/scale-to-width-down/60?cb=20201120065535","Thundersoother's Goblet","https://static.wikia.nocookie.net/gensin-impact/images/8/87/Item_Thundersoother%27s_Goblet.png/revision/latest/scale-to-width-down/60?cb=20201120065626","Thundersoother's Diadem","https://static.wikia.nocookie.net/gensin-impact/images/1/14/Item_Thundersoother%27s_Diadem.png/revision/latest/scale-to-width-down/60?cb=20201120065551","2-Piece Bonus
Electro RES increased by 40%.","4-Piece Bonus
Increases DMG against opponents affected by Electro by 35%."
"Thundering Fury","Thunderbird's Mercy","https://static.wikia.nocookie.net/gensin-impact/images/5/57/Item_Thunderbird%27s_Mercy.png/revision/latest/scale-to-width-down/60?cb=20201120064634","Survivor of Catastrophe","https://static.wikia.nocookie.net/gensin-impact/images/e/e9/Item_Survivor_of_Catastrophe.png/revision/latest/scale-to-width-down/60?cb=20201120064643","Hourglass of Thunder","https://static.wikia.nocookie.net/gensin-impact/images/9/94/Item_Hourglass_of_Thunder.png/revision/latest/scale-to-width-down/60?cb=20201120064652","Omen of Thunderstorm","https://static.wikia.nocookie.net/gensin-impact/images/c/cd/Item_Omen_of_Thunderstorm.png/revision/latest/scale-to-width-down/60?cb=20201120064701","Thunder Summoner's Crown","https://static.wikia.nocookie.net/gensin-impact/images/a/a5/Item_Thunder_Summoner%27s_Crown.png/revision/latest/scale-to-width-down/60?cb=20201120064711","2-Piece Bonus
Electro DMG Bonus +15%","4-Piece Bonus
Increases DMG caused by Overloaded, Electro-Charged, Superconduct, and Hyperbloom by 40%, and the DMG Bonus conferred by Aggravate is increased by 20%. When Quicken or the aforementioned Elemental Reactions are triggered, Elemental Skill CD is decreased by 1s. Can only occur once every 0.8s."
"Lavawalker","Lavawalker's Resolution","https://static.wikia.nocookie.net/gensin-impact/images/b/b5/Item_Lavawalker%27s_Resolution.png/revision/latest/scale-to-width-down/60?cb=20201120065116","Lavawalker's Salvation","https://static.wikia.nocookie.net/gensin-impact/images/0/0a/Item_Lavawalker%27s_Salvation.png/revision/latest/scale-to-width-down/60?cb=20201120065131","Lavawalker's Torment","https://static.wikia.nocookie.net/gensin-impact/images/3/3f/Item_Lavawalker%27s_Torment.png/revision/latest/scale-to-width-down/60?cb=20201120065142","Lavawalker's Epiphany","https://static.wikia.nocookie.net/gensin-impact/images/1/1b/Item_Lavawalker%27s_Epiphany.png/revision/latest/scale-to-width-down/60?cb=20201120065152","Lavawalker's Wisdom","https://static.wikia.nocookie.net/gensin-impact/images/6/63/Item_Lavawalker%27s_Wisdom.png/revision/latest/scale-to-width-down/60?cb=20201120065219","2-Piece Bonus
Pyro RES increased by 40%.","4-Piece Bonus
Increases DMG against opponents affected by Pyro by 35%."
"Crimson Witch of Flames","Witch's Flower of Blaze","https://static.wikia.nocookie.net/gensin-impact/images/0/0f/Item_Witch%27s_Flower_of_Blaze.png/revision/latest/scale-to-width-down/60?cb=20201120065356","Witch's Ever-Burning Plume","https://static.wikia.nocookie.net/gensin-impact/images/b/b3/Item_Witch%27s_Ever-Burning_Plume.png/revision/latest/scale-to-width-down/60?cb=20201120065406","Witch's End Time","https://static.wikia.nocookie.net/gensin-impact/images/1/14/Item_Witch%27s_End_Time.png/revision/latest/scale-to-width-down/60?cb=20201120065447","Witch's Heart Flames","https://static.wikia.nocookie.net/gensin-impact/images/b/ba/Item_Witch%27s_Heart_Flames.png/revision/latest/scale-to-width-down/60?cb=20201120065420","Witch's Scorching Hat","https://static.wikia.nocookie.net/gensin-impact/images/e/ea/Item_Witch%27s_Scorching_Hat.png/revision/latest/scale-to-width-down/60?cb=20201120065429","2-Piece Bonus
Pyro DMG Bonus +15%","4-Piece Bonus
Increases Overloaded and Burning, and Burgeon DMG by 40%. Increases Vaporize and Melt DMG by 15%. Using Elemental Skill increases the 2-Piece Set Bonus by 50% of its starting value for 10s. Max 3 stacks."
"Icebreaker","Snowswept Memory","https://static.wikia.nocookie.net/gensin-impact/images/6/69/Item_Snowswept_Memory.png/revision/latest/scale-to-width-down/60?cb=20201225230245","Icebreaker's Resolve","https://static.wikia.nocookie.net/gensin-impact/images/d/d6/Item_Icebreaker%27s_Resolve.png/revision/latest/scale-to-width-down/60?cb=20201225230054","Frozen Homeland's Demise","https://static.wikia.nocookie.net/gensin-impact/images/5/58/Item_Frozen_Homeland%27s_Demise.png/revision/latest/scale-to-width-down/60?cb=20201225230234","Frost-Weaved Dignity","https://static.wikia.nocookie.net/gensin-impact/images/6/6a/Item_Frost-Weaved_Dignity.png/revision/latest/scale-to-width-down/60?cb=20201225230040","Broken Rime's Echo","https://static.wikia.nocookie.net/gensin-impact/images/d/df/Item_Broken_Rime%27s_Echo.png/revision/latest/scale-to-width-down/60?cb=20201225230157","2-Piece Bonus
Cryo DMG Bonus +15%","4-Piece Bonus
When a character attacks an opponent affected by Cryo, their CRIT Rate is increased by 20%. If the opponent is Frozen, CRIT Rate is increased by an additional 20%."
"Heart of Depth","Gilded Corsage","https://static.wikia.nocookie.net/gensin-impact/images/4/40/Item_Gilded_Corsage.png/revision/latest/scale-to-width-down/60?cb=20201225230417","Gust of Nostalgia","https://static.wikia.nocookie.net/gensin-impact/images/9/92/Item_Gust_of_Nostalgia.png/revision/latest/scale-to-width-down/60?cb=20201225230410","Copper Compass","https://static.wikia.nocookie.net/gensin-impact/images/8/83/Item_Copper_Compass.png/revision/latest/scale-to-width-down/60?cb=20201225230459","Goblet of Thundering Deep","https://static.wikia.nocookie.net/gensin-impact/images/9/9c/Item_Goblet_of_Thundering_Deep.png/revision/latest/scale-to-width-down/60?cb=20220202001855","Wine-Stained Tricorne","https://static.wikia.nocookie.net/gensin-impact/images/a/a6/Item_Wine-Stained_Tricorne.png/revision/latest/scale-to-width-down/60?cb=20201225230357","2-Piece Bonus
Hydro DMG Bonus +15%","4-Piece Bonus
After using an Elemental Skill, increases Normal Attack and Charged Attack DMG by 30% for 15s."
"Tenacity of the Millelith","Flower of Accolades","https://static.wikia.nocookie.net/gensin-impact/images/5/51/Item_Flower_of_Accolades.png/revision/latest/scale-to-width-down/60?cb=20210416205617","Ceremonial War-Plume","https://static.wikia.nocookie.net/gensin-impact/images/8/86/Item_Ceremonial_War-Plume.png/revision/latest/scale-to-width-down/60?cb=20210428200249","Orichalceous Time-Dial","https://static.wikia.nocookie.net/gensin-impact/images/9/92/Item_Orichalceous_Time-Dial.png/revision/latest/scale-to-width-down/60?cb=20210428200248","Noble's Pledging Vessel","https://static.wikia.nocookie.net/gensin-impact/images/f/f4/Item_Noble%27s_Pledging_Vessel.png/revision/latest/scale-to-width-down/60?cb=20210428200251","General's Ancient Helm","https://static.wikia.nocookie.net/gensin-impact/images/b/b9/Item_General%27s_Ancient_Helm.png/revision/latest/scale-to-width-down/60?cb=20210428200250","2-Piece Bonus
HP +20%","4-Piece Bonus
When an Elemental Skill hits an opponent, the ATK of all nearby party members is increased by 20% and their Shield Strength is increased by 30% for 3s. This effect can be triggered once every 0.5s. This effect can still be triggered even when the character who is using this artifact set is not on the field."
"Pale Flame","Stainless Bloom","https://static.wikia.nocookie.net/gensin-impact/images/e/e7/Item_Stainless_Bloom.png/revision/latest/scale-to-width-down/60?cb=20210416205644","Wise Doctor's Pinion","https://static.wikia.nocookie.net/gensin-impact/images/e/e8/Item_Wise_Doctor%27s_Pinion.png/revision/latest/scale-to-width-down/60?cb=20210428200635","Moment of Cessation","https://static.wikia.nocookie.net/gensin-impact/images/8/85/Item_Moment_of_Cessation.png/revision/latest/scale-to-width-down/60?cb=20210428200637","Surpassing Cup","https://static.wikia.nocookie.net/gensin-impact/images/4/4b/Item_Surpassing_Cup.png/revision/latest/scale-to-width-down/60?cb=20210428200638","Mocking Mask","https://static.wikia.nocookie.net/gensin-impact/images/2/23/Item_Mocking_Mask.png/revision/latest/scale-to-width-down/60?cb=20210428200636","2-Piece Bonus
Physical DMG Bonus +25%","4-Piece Bonus
When an Elemental Skill hits an opponent, ATK is increased by 9% for 7s. This effect stacks up to 2 times and can be triggered once every 0.3s. Once 2 stacks are reached, the 2-set effect is increased by 100%."
"Shimenawa's Reminiscence","Entangling Bloom","https://static.wikia.nocookie.net/gensin-impact/images/c/c2/Item_Entangling_Bloom.png/revision/latest/scale-to-width-down/60?cb=20210721030058","Shaft of Remembrance","https://static.wikia.nocookie.net/gensin-impact/images/4/41/Item_Shaft_of_Remembrance.png/revision/latest/scale-to-width-down/60?cb=20210721030214","Morning Dew's Moment","https://static.wikia.nocookie.net/gensin-impact/images/9/92/Item_Morning_Dew%27s_Moment.png/revision/latest/scale-to-width-down/60?cb=20210721030136","Hopeful Heart","https://static.wikia.nocookie.net/gensin-impact/images/8/86/Item_Hopeful_Heart.png/revision/latest/scale-to-width-down/60?cb=20210721030110","Capricious Visage","https://static.wikia.nocookie.net/gensin-impact/images/8/8f/Item_Capricious_Visage.png/revision/latest/scale-to-width-down/60?cb=20210721030041","2-Piece Bonus
ATK +18%","4-Piece Bonus
When casting an Elemental Skill, if the character has 15 or more Energy, they lose 15 Energy and Normal/Charged/Plunging Attack DMG is increased by 50% for 10s. This effect will not trigger again during that duration."
"Emblem of Severed Fate","Magnificent Tsuba","https://static.wikia.nocookie.net/gensin-impact/images/5/53/Item_Magnificent_Tsuba.png/revision/latest/scale-to-width-down/60?cb=20210721030125","Sundered Feather","https://static.wikia.nocookie.net/gensin-impact/images/d/d6/Item_Sundered_Feather.png/revision/latest/scale-to-width-down/60?cb=20210721030225","Storm Cage","https://static.wikia.nocookie.net/gensin-impact/images/e/e5/Item_Storm_Cage.png/revision/latest/scale-to-width-down/60?cb=20210721030223","Scarlet Vessel","https://static.wikia.nocookie.net/gensin-impact/images/0/00/Item_Scarlet_Vessel.png/revision/latest/scale-to-width-down/60?cb=20210721030208","Ornate Kabuto","https://static.wikia.nocookie.net/gensin-impact/images/0/04/Item_Ornate_Kabuto.png/revision/latest/scale-to-width-down/60?cb=20210721030152","2-Piece Bonus
Energy Recharge +20%","4-Piece Bonus
Increases Elemental Burst DMG by 25% of Energy Recharge. A maximum of 75% bonus DMG can be obtained in this way."
"Husk of Opulent Dreams","Bloom Times","https://static.wikia.nocookie.net/gensin-impact/images/2/2b/Item_Bloom_Times.png/revision/latest/scale-to-width-down/60?cb=20211124024926","Plume of Luxury","https://static.wikia.nocookie.net/gensin-impact/images/2/2d/Item_Plume_of_Luxury.png/revision/latest/scale-to-width-down/60?cb=20211124024107","Song of Life","https://static.wikia.nocookie.net/gensin-impact/images/4/4f/Item_Song_of_Life.png/revision/latest/scale-to-width-down/60?cb=20211124024504","Calabash of Awakening","https://static.wikia.nocookie.net/gensin-impact/images/6/63/Item_Calabash_of_Awakening.png/revision/latest/scale-to-width-down/60?cb=20211124024245","Skeletal Hat","https://static.wikia.nocookie.net/gensin-impact/images/8/84/Item_Skeletal_Hat.png/revision/latest/scale-to-width-down/60?cb=20211124024522","2-Piece Bonus
DEF +30%","4-Piece Bonus
A character equipped with this Artifact set will obtain the Curiosity effect in the following conditions:
When on the field, the character gains 1 stack after hitting an opponent with a Geo attack, triggering a maximum of once every 0.3s.
When off the field, the character gains 1 stack every 3s.
Curiosity can stack up to 4 times, each providing 6% DEF and a 6% Geo DMG Bonus.
When 6 seconds pass without gaining a Curiosity stack, 1 stack is lost."
"Ocean-Hued Clam","Sea-Dyed Blossom","https://static.wikia.nocookie.net/gensin-impact/images/5/58/Item_Sea-Dyed_Blossom.png/revision/latest/scale-to-width-down/60?cb=20211124071311","Deep Palace's Plume","https://static.wikia.nocookie.net/gensin-impact/images/3/33/Item_Deep_Palace%27s_Plume.png/revision/latest/scale-to-width-down/60?cb=20211124071302","Cowry of Parting","https://static.wikia.nocookie.net/gensin-impact/images/e/ed/Item_Cowry_of_Parting.png/revision/latest/scale-to-width-down/60?cb=20211124071325","Pearl Cage","https://static.wikia.nocookie.net/gensin-impact/images/f/fc/Item_Pearl_Cage.png/revision/latest/scale-to-width-down/60?cb=20211124071308","Crown of Watatsumi","https://static.wikia.nocookie.net/gensin-impact/images/6/60/Item_Crown_of_Watatsumi.png/revision/latest/scale-to-width-down/60?cb=20211124071327","2-Piece Bonus
Healing Bonus +15%.","4-Piece Bonus
When the character equipping this artifact set heals a character in the party, a Sea-Dyed Foam will appear for 3 seconds, accumulating the amount of HP recovered from healing (including overflow healing).
At the end of the duration, the Sea-Dyed Foam will explode, dealing DMG to nearby opponents based on 90% of the accumulated healing.
(This DMG is calculated similarly to Reactions such as Electro-Charged, and Superconduct, but it is not affected by Elemental Mastery, Character Levels, or Reaction DMG Bonuses).
Only one Sea-Dyed Foam can be produced every 3.5 seconds.
Each Sea-Dyed Foam can accumulate up to 30,000 HP (including overflow healing).
There can be no more than one Sea-Dyed Foam active at any given time.
This effect can still be triggered even when the character who is using this artifact set is not on the field."
"Vermillion Hereafter","Flowering Life","https://static.wikia.nocookie.net/gensin-impact/images/1/11/Item_Flowering_Life.png/revision/latest/scale-to-width-down/60?cb=20220330033017","Feather of Nascent Light","https://static.wikia.nocookie.net/gensin-impact/images/a/a7/Item_Feather_of_Nascent_Light.png/revision/latest/scale-to-width-down/60?cb=20220330032944","Solar Relic","https://static.wikia.nocookie.net/gensin-impact/images/1/12/Item_Solar_Relic.png/revision/latest/scale-to-width-down/60?cb=20220330033109","Moment of the Pact","https://static.wikia.nocookie.net/gensin-impact/images/7/77/Item_Moment_of_the_Pact.png/revision/latest/scale-to-width-down/60?cb=20220330033056","Thundering Poise","https://static.wikia.nocookie.net/gensin-impact/images/0/0e/Item_Thundering_Poise.png/revision/latest/scale-to-width-down/60?cb=20220330033151","2-Piece Bonus
ATK +18%.","4-Piece Bonus
After using an Elemental Burst. this character will gain the Nascent Light effect, increasing their ATK by 8% for 16s. When the character's HP decreases, their ATK will further increase by 10%. This increase can occur this way maximum of 4 times. This effect can be triggered once every 0.8s. Nascent Light will be dispelled when the character leaves the field. If an Elemental Burst is used again during the duration of Nascent Light, the original Nascent Light will be dispelled."
"Echoes of an Offering","Soulscent Bloom","https://static.wikia.nocookie.net/gensin-impact/images/6/64/Item_Soulscent_Bloom.png/revision/latest/scale-to-width-down/60?cb=20220330042626","Jade Leaf","https://static.wikia.nocookie.net/gensin-impact/images/9/97/Item_Jade_Leaf.png/revision/latest/scale-to-width-down/60?cb=20220330033045","Symbol of Felicitation","https://static.wikia.nocookie.net/gensin-impact/images/0/03/Item_Symbol_of_Felicitation.png/revision/latest/scale-to-width-down/60?cb=20220330042638","Chalice of the Font","https://static.wikia.nocookie.net/gensin-impact/images/8/89/Item_Chalice_of_the_Font.png/revision/latest/scale-to-width-down/60?cb=20220330033204","Flowing Rings","https://static.wikia.nocookie.net/gensin-impact/images/5/53/Item_Flowing_Rings.png/revision/latest/scale-to-width-down/60?cb=20220330033033","2-Piece Bonus
ATK +18%.","4-Piece Bonus
When Normal Attacks hit opponents, there is a 36% chance that it will trigger Valley Rite, which will increase Normal Attack DMG by 70% of ATK.
This effect will be dispelled 0.05s after a Normal Attack deals DMG.
If a Normal Attack fails to trigger Valley Rite, the odds of it triggering the next time will increase by 20%.
This trigger can occur once every 0.2s."
"Deepwood Memories","Labyrinth Wayfarer","https://static.wikia.nocookie.net/gensin-impact/images/a/ab/Item_Labyrinth_Wayfarer.png/revision/latest/scale-to-width-down/60?cb=20220826125326","Scholar of Vines","https://static.wikia.nocookie.net/gensin-impact/images/0/0f/Item_Scholar_of_Vines.png/revision/latest/scale-to-width-down/60?cb=20220824130412","A Time of Insight","https://static.wikia.nocookie.net/gensin-impact/images/7/7c/Item_A_Time_of_Insight.png/revision/latest/scale-to-width-down/60?cb=20220824130419","Lamp of the Lost","https://static.wikia.nocookie.net/gensin-impact/images/c/cd/Item_Lamp_of_the_Lost.png/revision/latest/scale-to-width-down/60?cb=20220824130432","Laurel Coronet","https://static.wikia.nocookie.net/gensin-impact/images/b/b8/Item_Laurel_Coronet.png/revision/latest/scale-to-width-down/60?cb=20220824130425","2-Piece Bonus
Dendro DMG Bonus +15%","4-Piece Bonus
After Elemental Skills or Bursts hit opponents, the targets' Dendro RES will be decreased by 30% for 8s. This effect can be triggered even if the equipping character is not on the field."
"Gilded Dreams","Dreaming Steelbloom","https://static.wikia.nocookie.net/gensin-impact/images/0/0c/Item_Dreaming_Steelbloom.png/revision/latest/scale-to-width-down/60?cb=20220826125336","Feather of Judgment","https://static.wikia.nocookie.net/gensin-impact/images/1/1b/Item_Feather_of_Judgment.png/revision/latest/scale-to-width-down/60?cb=20220826020553","The Sunken Years","https://static.wikia.nocookie.net/gensin-impact/images/9/92/Item_The_Sunken_Years.png/revision/latest/scale-to-width-down/60?cb=20220826020702","Honeyed Final Feast","https://static.wikia.nocookie.net/gensin-impact/images/f/fa/Item_Honeyed_Final_Feast.png/revision/latest/scale-to-width-down/60?cb=20220826020730","Shadow of the Sand King","https://static.wikia.nocookie.net/gensin-impact/images/2/2b/Item_Shadow_of_the_Sand_King.png/revision/latest/scale-to-width-down/60?cb=20220826020755","2-Piece Bonus
Elemental Mastery +80","4-Piece Bonus
Within 8s of triggering an Elemental Reaction, the character equipping this will obtain buffs based on the Elemental Type of the other party members, ATK is increased by 14% for each party member whose Elemental Type is the same as the equipping character, and Elemental Mastery is increased by 50 for every party member with a different Elemental Type. Each of the aforementioned buffs will count up to 3 characters. This effect can be triggered once every 8s. The character who equips this can still trigger its effects when not on the field."
